created_at;text;tipster;is_tip
Wed Jun 12 10:24:52 +0000 2019;"Last 14 vip tips...

âœ…âœ…âœ…âœ…âœ…âœ…âœ…âœ…âœ…âœ…âŒâœ…âœ…âœ…

message me to join the Glory! ğŸ‘‡https://t.co/mw4cZnumRI";godofgambling;False
Wed Jun 12 10:23:33 +0000 2019;RT @shrekky24: @GodofGVip Easy as that ğŸ’¥ğŸ’¥;godofgambling;False
Wed Jun 12 10:23:04 +0000 2019;RT @LondonSuperBees: @GodofGVip 1st tip taken from you guys 1st tip BOOOOOM!! ğŸ˜€ğŸ˜€ğŸ˜€ğŸ‘ŠğŸ»;godofgambling;False
Wed Jun 12 10:22:56 +0000 2019;"BOOOOOOOOOOOOOOOOOOOOOOOOMMM!!! 13th Winner from our Last 14 vip tips!! Mad to miss out we smash it everyday! ğŸ»

meâ€¦ https://t.co/voMs9NXji2";godofgambling;False
Wed Jun 12 10:22:09 +0000 2019;keeeeeeerrcchhiiinnggg ğŸ”¥ğŸ”¥ğŸ”¥ğŸ”¥ğŸ”¥ğŸ”¥ğŸ”¥ğŸ”¥ğŸ”¥ğŸ”¥ğŸ”¥ğŸ”¥;godofgambling;False
Wed Jun 12 10:00:28 +0000 2019;Plotting our menu today;godofgambling;False
Wed Jun 12 10:00:19 +0000 2019;Good morrrrniing;godofgambling;False
Tue Jun 11 20:40:02 +0000 2019;RT @Manoftoffeeyeah: @godofgambling Thank you Belgium eventually. Pity I bottled it with Germany! ğŸ˜“ https://t.co/621xpqTQUB;godofgambling;False
Tue Jun 11 20:31:34 +0000 2019;How can a team have 28 shots and only score once ğŸ¤¬;godofgambling;False
Tue Jun 11 19:13:37 +0000 2019;RT @shrekky24: @godofgambling 2 disallowed goals ğŸ˜‚ğŸ˜‚;godofgambling;False
Tue Jun 11 19:06:36 +0000 2019;FIRST HALF GOALS PLEASE;godofgambling;False
Tue Jun 11 18:28:47 +0000 2019;"âœ”Double of Destiny âœ”

Euro ğŸ‡ªğŸ‡º 2020 Qualifying
7.45pm

Russia vs Cyprus
ğŸ“Over 2.5 Goals 

Hungary vs Wales
ğŸ“Over 1.5 Goals";godofgambling;True
Tue Jun 11 18:23:40 +0000 2019;"It's time 

75 â¤ for a 7.45pm DOUBLE";godofgambling;False
Tue Jun 11 18:08:47 +0000 2019;RT @_printsphoto: @godofgambling Iâ€™ve gone for over 5.5 in that âš½ï¸âš½ï¸âš½ï¸âš½ï¸âš½ï¸âš½ï¸;godofgambling;False
Tue Jun 11 18:05:48 +0000 2019;USA women vs Thailand W tonight. Was 9-0 in their last meeting in 2016.;godofgambling;False
Tue Jun 11 18:04:21 +0000 2019;RT @JPerks2719: @godofgambling What you think? https://t.co/IlwEv8AE9P;godofgambling;False
Tue Jun 11 18:04:05 +0000 2019;Actually I might do our famous late night Brazil bets in VIP tonight. They love 25 corners by HT in the rainforest ğŸ˜‚ğŸ˜‚ğŸ˜‚;godofgambling;False
Tue Jun 11 18:03:31 +0000 2019;"WARNING 7.45PM TIP INCOMING â°â°â°â°â°â°â°â°â°â°â°â°

message me to join IN! ğŸ‘‡https://t.co/mw4cZnumRI";godofgambling;False
Tue Jun 11 18:00:16 +0000 2019;RT @LondonMann: @godofgambling Bring it on;godofgambling;False
Tue Jun 11 17:59:56 +0000 2019;No not odds on. 6/4. Yes. This. Is. Not. A drill.;godofgambling;False
Tue Jun 11 17:59:41 +0000 2019;I feel a double of Destiny in my bones;godofgambling;False
Tue Jun 11 17:53:50 +0000 2019;Minute I said my little tweet about goals in W WC. Every game has been unders ğŸ¤¨;godofgambling;False
Tue Jun 11 17:52:03 +0000 2019;"Last 12 tips 

âœ…âœ…âœ…âœ…âœ…âœ…âœ…âœ…âœ…âœ…âŒâœ…

message me to join the team! ğŸ‘‡https://t.co/mw4cZnumRI";godofgambling;False
Tue Jun 11 17:51:34 +0000 2019;Ready to smash the Euro qualifiers?;godofgambling;False
Tue Jun 11 17:50:40 +0000 2019;RT @Jamie_Allatt: @godofgambling Had to get on over 10, cos the first corner landed as I put it on ğŸ˜‚;godofgambling;False
Tue Jun 11 17:50:35 +0000 2019;"BOOOOOOOOOOOOOOOOOOOOOOOOOMMMM 10th Winner from our Last 11 tips!! We the real deal ğŸ”¥

message me to join! ğŸ‘‡https://t.co/mw4cZnumRI";godofgambling;False
Tue Jun 11 17:45:59 +0000 2019;Corner?;godofgambling;False
Tue Jun 11 16:38:54 +0000 2019;150% profit https://t.co/CiN8JLOr7N;godofgambling;False
Tue Jun 11 16:38:29 +0000 2019;Rumours a Double of Destiny is on the menu tonight;godofgambling;False
Tue Jun 11 16:38:13 +0000 2019;Quiet day calls for a grand finale;godofgambling;False
Tue Jun 11 11:57:30 +0000 2019;Chance!!!;godofgambling;False
Tue Jun 11 11:16:50 +0000 2019;@larsjohs âš½ï¸;godofgambling;False
Tue Jun 11 11:05:20 +0000 2019;@larsjohs i cant predict that brother! still time!;godofgambling;False
Tue Jun 11 11:03:04 +0000 2019;1st half red card https://t.co/ojI4zgy9dW;godofgambling;False
Tue Jun 11 10:22:49 +0000 2019;"WARNING 3PM TIP INCOMING â°â°â°â°â°â°â°â°â°â°â°â°

message me to join in! ğŸ‘‡https://t.co/mw4cZnumRI";godofgambling;False
Tue Jun 11 08:53:19 +0000 2019;@essiterry I'll be on it that too;godofgambling;False
Tue Jun 11 08:28:58 +0000 2019;RT @Purpleohm6661: @godofgambling Best I have achieved is 13 winners , best I have seen from a tipster is 19....keep em coming;godofgambling;False
Tue Jun 11 08:17:48 +0000 2019;9 wins on the spin lol LETS BUILD ON THIS;godofgambling;False
Tue Jun 11 08:17:17 +0000 2019;"Vip tips starting soon! Going for our 10th Winner in a Row ğŸ”¥ğŸ”¥ğŸ”¥

message me to join in! ğŸ‘‡https://t.co/mw4cZnumRI";godofgambling;False
Tue Jun 11 08:14:44 +0000 2019;Ready to set a blaze of Booms across the sky ğŸ’°ğŸ’°ğŸ’°ğŸ’° https://t.co/FacXa7zMN8;godofgambling;False
Tue Jun 11 08:13:39 +0000 2019;Good morning! Ready to win more money?;godofgambling;False
Mon Jun 10 21:11:27 +0000 2019;@ThisDan1 Only 7th 0-0 in history of womens world cups...;godofgambling;False
Mon Jun 10 20:42:49 +0000 2019;@essiterry Same tomorrow. Skip the 5pm. All the 7.45pms;godofgambling;False
Mon Jun 10 20:16:30 +0000 2019;@MikeyJ_007 Lol;godofgambling;False
Mon Jun 10 20:16:27 +0000 2019;RT @MikeyJ_007: @godofgambling how many corners for Spain ğŸ‡ªğŸ‡¸ tonight? ğŸ˜®;godofgambling;False
Mon Jun 10 19:50:36 +0000 2019;Just Spain game ğŸ¤;godofgambling;False
Mon Jun 10 19:36:07 +0000 2019;They wouldnt let me do Ireland game btts. But the other 11 btts was Â£50k off 7 quid. But that has no chance. Oversâ€¦ https://t.co/Czc8FkL4g6;godofgambling;False
Mon Jun 10 19:35:12 +0000 2019;10/12 have had first half goal and the Spain game is still 0-0. Of all the teams ğŸ¤¬;godofgambling;False
Mon Jun 10 19:33:19 +0000 2019;RT @essiterry: @godofgambling @samm_2304 1100/1;godofgambling;False
Mon Jun 10 19:32:21 +0000 2019;@samm_2304 @essiterry Think I got 800/1;godofgambling;False
Mon Jun 10 19:31:18 +0000 2019;Anyone on all 12 games over 2.5 goals lol?;godofgambling;False
Mon Jun 10 19:30:44 +0000 2019;@PanMarekZ1 You dont need pay twice mate;godofgambling;False
Mon Jun 10 19:30:14 +0000 2019;"Last 10 tips 

âœ…âœ…âœ…âœ…âœ…âœ…âœ…âœ…âœ…âœ…

message me to join the Glory! ğŸ‘‡https://t.co/mw4cZnumRI";godofgambling;False
Mon Jun 10 19:29:25 +0000 2019;@Jarroson I got 1.5?;godofgambling;False
Mon Jun 10 19:29:14 +0000 2019;Old VIPs. Come home now. Come back to the Boom temple. We had a blip in May when season ended. Now it is only a seaâ€¦ https://t.co/qtYptLppye;godofgambling;False
Mon Jun 10 19:27:28 +0000 2019;"Trust, try my service for a month! You wont regret it! 80% Win Ratio âœ… Secret corner system âœ… Daily Glory âœ…

messagâ€¦ https://t.co/oCtroeK9IR";godofgambling;False
Mon Jun 10 19:26:29 +0000 2019;RT @Levva__: @godofgambling â™¥ï¸;godofgambling;False
Mon Jun 10 19:26:19 +0000 2019;Any league. Any time. Any date. We will deliver Booms. Apart from a few days of darkness on rare occasions;godofgambling;False
Mon Jun 10 19:25:15 +0000 2019;Smash â¤ if u trust in GG;godofgambling;False
Mon Jun 10 19:25:02 +0000 2019;BOOOOOOOOOOOOOOOOOOOOOOOOOOMMMMM EMBRACE ME BROTHERS ğŸ»ğŸ»ğŸ»ğŸ»ğŸ»âœ…âœ…âœ…âœ…âœ…âœ…âœ…âœ…âœ…âœ…âœ…ğŸ”¥ğŸ”¥ğŸ”¥ğŸ”¥ğŸ”¥ https://t.co/eDSr4JgZ1N;godofgambling;False
Mon Jun 10 19:15:40 +0000 2019;@flowMu_5 Hope its before half time;godofgambling;False
Mon Jun 10 19:15:24 +0000 2019;@flowMu_5 Hope so;godofgambling;False
Mon Jun 10 19:12:53 +0000 2019;What a time to be alive. Now. FINISH THIS AUSTRIA;godofgambling;False
Mon Jun 10 19:12:28 +0000 2019;RT @samm_2304: @godofgambling Iâ€™m in my second month of your VIP. I havenâ€™t placed on every bet youâ€™ve requested but out of the ones I haveâ€¦;godofgambling;False
Mon Jun 10 19:11:15 +0000 2019;"Last 9 vip tips 

âœ…âœ…âœ…âœ…âœ…âœ…âœ…âœ…âœ…

message me to join the Team! ğŸ‘‡https://t.co/mw4cZnumRI";godofgambling;False
Mon Jun 10 19:10:14 +0000 2019;Absolute ğŸ”¥ğŸ”¥ğŸ”¥ğŸ”¥ğŸ”¥ğŸ”¥ğŸ”¥ğŸ”¥ secret corner machine printing money;godofgambling;False
Mon Jun 10 19:09:45 +0000 2019;RT @clynch_p: @GodofGVip Magic ğŸ”¥ğŸ”¥ğŸ”¥ğŸ”¥ğŸ”¥ğŸ”¥ğŸ”¥;godofgambling;False
Mon Jun 10 19:09:38 +0000 2019;9 Winners in a row. Vips is my service worth it?;godofgambling;False
Mon Jun 10 19:09:01 +0000 2019;"BOOOOOOOOOOOOOOOOOOOOOOOOOMMM 9 Vip Winners in a row!!! Try us for a month we win nearly everybet!! ğŸ»

message me tâ€¦ https://t.co/kz9ZFYbBbB";godofgambling;False
Mon Jun 10 19:08:04 +0000 2019;Omg God we are getting close to my record VIP win streak here;godofgambling;False
Mon Jun 10 19:03:45 +0000 2019;âš½ï¸ https://t.co/Dgxo0kjNNe;godofgambling;False
Mon Jun 10 18:03:00 +0000 2019;"Single âœ”

Euro ğŸ‡ªğŸ‡º 2020 Qualifying 
7.45pm

North Macedonia vs Austria 
ğŸ“Over 1.5 Goals";godofgambling;True
Mon Jun 10 17:59:18 +0000 2019;Only been six 0-0s in the history of Womens World Cup. There is 7. Still 6/8 games been over 2.5 so far.;godofgambling;False
Mon Jun 10 17:57:58 +0000 2019;"it's time

75 â¤ for a 7.45pm Suprise of joy";godofgambling;False
Mon Jun 10 17:12:09 +0000 2019;"WARNING 7.45PM TIP INCOMING â°â°â°â°â°â°â°â°â°â°

message me to join inğŸ‘‡https://t.co/mw4cZnumRI";godofgambling;False
Mon Jun 10 17:05:58 +0000 2019;Got my new ultimate secret Tennis boom system to unleash at Wimbdon âœ… Trialled it at French Open. It was a disasterâ€¦ https://t.co/OFeam1nt7L;godofgambling;False
Mon Jun 10 16:50:35 +0000 2019;We got summer covered. Dont u worry brothers. Pure Win Streaks;godofgambling;False
Mon Jun 10 16:42:37 +0000 2019;RT @adam792001: @godofgambling Iâ€™m well up since Iâ€™ve joined VIP , cheers Boss;godofgambling;False
Mon Jun 10 16:42:29 +0000 2019;"Last 8 tips 

âœ…âœ…âœ…âœ…âœ…âœ…âœ…âœ…

message me to join the Betting Revolutio!!! ğŸ‘‡https://t.co/mw4cZnumRI";godofgambling;False
Mon Jun 10 16:41:17 +0000 2019;8 wins in a row VIPs? Is my service on ğŸ”¥ğŸ”¥ or what?;godofgambling;False
Mon Jun 10 16:41:03 +0000 2019;Smash â¤ if u need more Booms TONIGHT;godofgambling;False
Mon Jun 10 16:40:50 +0000 2019;RT @WorIdOfFootball: @godofgambling Definitely worth joining his VIP. 8 Wins in a row. Need I say more ğŸ»;godofgambling;False
Mon Jun 10 16:40:40 +0000 2019;RT @ifedayo_: @GodofGVip BOOOOOOOOOMâš¡ï¸âš¡ï¸âš¡ï¸âš¡ï¸âš¡ï¸âš¡ï¸âš¡ï¸âš¡ï¸âš¡ï¸âš¡ï¸;godofgambling;False
Mon Jun 10 16:39:12 +0000 2019;"BOOOOOOOOOOOOOOOOOOOOOOOOOMMM 8 VIP Wins in a row!! Mad to miss out we smashing it â¤â¤â¤

message me to join! ğŸ‘‡https://t.co/mw4cZnumRI";godofgambling;False
Mon Jun 10 16:38:29 +0000 2019;This is getting silly;godofgambling;False
Mon Jun 10 16:33:04 +0000 2019;RT @Manoftoffeeyeah: @godofgambling Couple more thank you's! https://t.co/RhnK2jZjmU;godofgambling;False
Mon Jun 10 16:23:38 +0000 2019;By half time hopefully;godofgambling;False
Mon Jun 10 16:23:29 +0000 2019;LOOOOOOOOOOOL prepare for 8th Winner in a row;godofgambling;False
Mon Jun 10 15:33:59 +0000 2019;Imagine being on a double now. That's the VIP excitement. It will win too;godofgambling;False
Mon Jun 10 15:33:36 +0000 2019;Part one of the double of Destiny âœ…;godofgambling;False
Mon Jun 10 15:07:23 +0000 2019;RT @Jamie_Allatt: @godofgambling Never in doubt;godofgambling;False
Mon Jun 10 15:07:12 +0000 2019;"Last 7 vip tips 

âœ…âœ…âœ…âœ…âœ…âœ…âœ…

message me to join the Glory! ğŸ‘‡https://t.co/mw4cZnumRI";godofgambling;False
Mon Jun 10 15:05:11 +0000 2019;Euro qualifiers tonight https://t.co/095PxJ7euw;godofgambling;False
Mon Jun 10 15:03:47 +0000 2019;RT @JimT38731094: @godofgambling You are a god. Put my full purse on it. Ba Ba Ba BooM Shalak Lak BOOM!;godofgambling;False
Mon Jun 10 15:03:45 +0000 2019;"Vip tip next today! Trust try my beautiful service we won 7 in a row âœ…

message me to join! ğŸ‘‡https://t.co/mw4cZnumRI";godofgambling;False
Mon Jun 10 14:59:18 +0000 2019;RT @RLucky24: @godofgambling Never scared always have faith in you bless man;godofgambling;False
Mon Jun 10 14:59:08 +0000 2019;RT @robbarnes95: @godofgambling Done over 3.5 goals , BOOOOOOM!!;godofgambling;False
Mon Jun 10 14:58:42 +0000 2019;Looooool 3-1;godofgambling;False
Mon Jun 10 14:58:35 +0000 2019;0-0 ht. A special kind of hell. Never fear. We win. AS USUAL;godofgambling;False
Mon Jun 10 14:58:05 +0000 2019;BOOOOOOOOOOOOOOOOOOOOOOOOOOOOMMMMM EASY ğŸ¤©ğŸ¤©ğŸ¤©ğŸ¤©ğŸ¤©ğŸ¤©ğŸ¤©ğŸ¤©ğŸ¤©ğŸ¤©ğŸ¤©ğŸ¤©ğŸ¤©ğŸ¤©ğŸ‘ğŸ¤© https://t.co/GeSf2GJYrH;godofgambling;False
Mon Jun 10 14:41:03 +0000 2019;CHANCE;godofgambling;False
Mon Jun 10 14:09:27 +0000 2019;@Jamie_Allatt God help us;godofgambling;False
Mon Jun 10 13:49:34 +0000 2019;ERRRRR FIRST HALF GOAL PLEASE;godofgambling;False
Mon Jun 10 12:57:30 +0000 2019;"Single âœ”

Germany ğŸ‡©ğŸ‡ª Oberliga Mittelrhein
2.15pm

Friesdorf vs SV Deutz 05
ğŸ“Over 2.5 Goals";godofgambling;True
Mon Jun 10 12:56:21 +0000 2019;Ok I will. Second it kicks off over 2.5 goals will start going up. Just judge urself when to hop on if u playing https://t.co/OqzGOQNMWB;godofgambling;False
Mon Jun 10 12:52:52 +0000 2019;Ffs 1.36. Too low. We will wait inplay. Was 1.5 this morning. Trigger fingers ready brothers;godofgambling;False
Mon Jun 10 12:30:11 +0000 2019;ğŸ”¥ğŸ”¥ğŸ”¥ğŸ”¥ğŸ”¥ğŸ”¥ğŸ”¥ğŸ”¥ğŸ”¥ğŸ”¥ğŸ”¥ğŸ”¥ https://t.co/xjYikQX6ji;godofgambling;False
Mon Jun 10 12:29:48 +0000 2019;2.15 actually;godofgambling;False
Mon Jun 10 12:29:43 +0000 2019;"It's time

50 â¤ for a 2pm surprise";godofgambling;False
Mon Jun 10 11:36:06 +0000 2019;Ooooo German lower leagues during the day today. My favourite;godofgambling;False
Mon Jun 10 11:31:31 +0000 2019;@ThisDan1 Goals?;godofgambling;False
Mon Jun 10 11:31:13 +0000 2019;"WARNING 3PM TIP INCOMING â°â°â°â°â°â°â°â°ğŸ”¥ğŸ”¥ğŸ”¥ğŸ”¥ğŸ”¥

message me to join in! ğŸ‘‡https://t.co/mw4cZnumRI";godofgambling;False
Mon Jun 10 10:54:48 +0000 2019;Turn the machine on please. Yes. Full power;godofgambling;False
Mon Jun 10 08:38:39 +0000 2019;"Tips starting shortly! Going for our 7th Winner in a row ğŸ”¥

message me to join in! ğŸ‘‡https://t.co/mw4cZnumRI";godofgambling;False
Mon Jun 10 08:04:48 +0000 2019;Argentina vs Japan 5pm;godofgambling;False
Mon Jun 10 08:04:31 +0000 2019;Shall we just do every women's game over 2.5 ? Lol;godofgambling;False
Mon Jun 10 07:58:45 +0000 2019;Good morning a flawless day yesterday apart from Holland not being able to score weirdly;godofgambling;False
Sun Jun 09 16:20:10 +0000 2019;Seriously considering doing every womens game over 2.5 goals. 6/7 this is looking like. Beautiful overs ratio.;godofgambling;False
Sun Jun 09 16:19:16 +0000 2019;"Defo works. Try us for a month we will win you money. Got our summer tips perfected now ğŸ‘

message me to join! ğŸ‘‡https://t.co/mw4cZnumRI";godofgambling;False
Sun Jun 09 16:18:09 +0000 2019;RT @FlorimMurati: @godofgambling We r ready ğŸ’ª;godofgambling;False
Sun Jun 09 16:18:02 +0000 2019;Posted this beautiful work of Boom art earlier today ğŸ‘‡ğŸ‘‡ğŸ‘‡ https://t.co/q9jnUuXoDc;godofgambling;False
Sun Jun 09 16:17:36 +0000 2019;You ready for PORTGUAL VS HOLLAND?!?!?!?!?!?!!?;godofgambling;False
Sun Jun 09 16:16:24 +0000 2019;we not playing anymore. Gg has changed to full attack mode. 97% win ratio will be achieved next week. And no I'm not even joking;godofgambling;False
Sun Jun 09 16:15:47 +0000 2019;RT @djp1982: @godofgambling Back in the money now Iâ€™ve had chance to follow the tips again nice workğŸ’¸ğŸ’¸ğŸ’¸ğŸ’¸ğŸ’¸;godofgambling;False
Sun Jun 09 16:15:36 +0000 2019;"Last 7 tips...

âœ…âœ…âœ…âœ…âœ…âœ…âœ…

message me to join the Glory! ğŸ‘‡https://t.co/mw4cZnumRI";godofgambling;False
Sun Jun 09 16:13:39 +0000 2019;Hahahahahahah 2 tips 2 first half winners. 6 wins in a row in VIP too. Can it get any better. YES IT CAN! Portugal later!;godofgambling;False
Sun Jun 09 16:13:05 +0000 2019;Smash â¤ if u thirsty for more;godofgambling;False
Sun Jun 09 16:12:54 +0000 2019;RT @Manoftoffeeyeah: Another cheers GOG! https://t.co/xJhQFLgK29;godofgambling;False
Sun Jun 09 16:12:48 +0000 2019;RT @naz93gul: @godofgambling Legend mate ğŸ‘ğŸ¼;godofgambling;False
Sun Jun 09 16:11:47 +0000 2019;BOOOOOOOOOOOOOOOOOOOOOOOOOOOOOMMMM 7 WINS IN A ROW ğŸ”¥ğŸ”¥ğŸ”¥ğŸ”¥ğŸ”¥ğŸ”¥ğŸ”¥ğŸ”¥ğŸ”¥ğŸ”¥ğŸ”¥ https://t.co/cbGpah3hIB;godofgambling;False
Sun Jun 09 16:11:28 +0000 2019;Simple as that team gg;godofgambling;False
Sun Jun 09 16:00:58 +0000 2019;Tick knock. Let's slam this. Unleash another VIP boom then off to Portugal game #plan;godofgambling;False
Sun Jun 09 16:00:15 +0000 2019;@naz93gul 1-1;godofgambling;False
Sun Jun 09 15:59:58 +0000 2019;1-1 https://t.co/USzVrd0cT0;godofgambling;False
Sun Jun 09 15:42:57 +0000 2019;Yeeessss first half âš½ï¸;godofgambling;False
Sun Jun 09 15:00:18 +0000 2019;"Single âœ”

Finland ğŸ‡«ğŸ‡® Kakkonen Group A
4.30pm

VJS Vantaa vs MiPK
ğŸ“Over 2.5 Goals";godofgambling;True
Sun Jun 09 14:59:24 +0000 2019;FEAR ME BOOKIES;godofgambling;False
Sun Jun 09 14:58:48 +0000 2019;5/6 womens games over 2.5 now;godofgambling;False
Sun Jun 09 14:57:36 +0000 2019;"It's time 

75 â¤ for a 4.30pm surprise";godofgambling;False
Sun Jun 09 14:57:04 +0000 2019;Ready to bless this Sunday afternoon with an explosion of Profit;godofgambling;False
Sun Jun 09 14:56:50 +0000 2019;Are u ready?;godofgambling;False
Sun Jun 09 14:50:03 +0000 2019;WARNING 4.30PM TIP INCOMING â°â°â°â°â°â°â°â°â°â°â°â°â°;godofgambling;False
Sun Jun 09 13:30:42 +0000 2019;RT @WorIdOfFootball: @godofgambling All aboard ğŸ»ğŸ»ğŸ»;godofgambling;False
Sun Jun 09 13:29:05 +0000 2019;"Vip tip next today! Going for our 7th Winner in a row!

message me to join in! ğŸ‘‡https://t.co/mw4cZnumRI";godofgambling;False
Sun Jun 09 13:25:52 +0000 2019;RT @WhitcombeKyle: @godofgambling I'm on Jamaica double chance W or draw got 6 to 1 ğŸ¤·ğŸ¤·;godofgambling;False
Sun Jun 09 13:24:42 +0000 2019;RT @Manoftoffeeyeah: Nice little run i'm on this weekend. With some great assistance from @godofgambling https://t.co/KC4KUPfutB;godofgambling;False
Sun Jun 09 13:09:35 +0000 2019;Wanted to do England W. Just had feeling it might be draw. Mmm tough to call 3rd place play offs;godofgambling;False
Sun Jun 09 13:08:31 +0000 2019;6 Wins in a row! Trust, try my beautiful service for a month! 80% Win Ratio âœ… Secret corner system âœ… Daily Glory âœ…â€¦ https://t.co/jmZRR1whJH;godofgambling;False
Sun Jun 09 13:07:10 +0000 2019;RT @andrevargasreal: @godofgambling 9 games in a row;godofgambling;False
Sun Jun 09 13:03:26 +0000 2019;Vips you enjoying 6 wins in a row? Ready for number 7?;godofgambling;False
Sun Jun 09 13:02:07 +0000 2019;Brazil Women have lost 8 games in a row ğŸ¤¨;godofgambling;False
Sun Jun 09 13:00:28 +0000 2019;Smash â¤ if u thirsty for more Booms;godofgambling;False
Sun Jun 09 12:59:33 +0000 2019;This is class I'm really enjoying this World Cup. Brazil vs Jamica next! Predictions?;godofgambling;False
Sun Jun 09 12:58:24 +0000 2019;RT @Levva__: @godofgambling Thank you, next;godofgambling;False
Sun Jun 09 12:58:17 +0000 2019;"Last 6 vip tips...

âœ…âœ…âœ…âœ…âœ…âœ…

message me to join the Revolution! ğŸ‘‡https://t.co/mw4cZnumRI";godofgambling;False
Sun Jun 09 12:57:45 +0000 2019;Womens world cup loves a goal and corner. 4/5 games over 2.5;godofgambling;False
Sun Jun 09 12:57:25 +0000 2019;We. Are. On ğŸ”¥ğŸ”¥ğŸ”¥ğŸ”¥ğŸ”¥ğŸ”¥ğŸ”¥ğŸ”¥ğŸ”¥ğŸ”¥ğŸ”¥ğŸ”¥ğŸ”¥ğŸ”¥ğŸ”¥ğŸ”¥ğŸ”¥ğŸ”¥ğŸ”¥ğŸ”¥;godofgambling;False
Sun Jun 09 12:56:31 +0000 2019;RT @Cein_ONeill96: @GodofGVip Left it late but got there in the endğŸ™ŒğŸ¼;godofgambling;False
Sun Jun 09 12:55:26 +0000 2019;"BOOOOOOOOOOOOOOOOOOOOOOOOOMMM 6th VIP Winner in a row ğŸ”¥ğŸ”¥ğŸ”¥ mad to miss out we winning ever bet!!

message me to joinâ€¦ https://t.co/hdtrp9kyYz";godofgambling;False
Sun Jun 09 12:53:35 +0000 2019;96th MINUTE CORNER;godofgambling;False
Sun Jun 09 12:53:28 +0000 2019;Skcllap plqpcllqlcllqlclqppclapqpp p;godofgambling;False
Sun Jun 09 12:53:09 +0000 2019;@IanPendlebury1 @1989wilson True but usually no live betting (inplay) = settlement at FT;godofgambling;False
Sun Jun 09 12:50:15 +0000 2019;Yes defo https://t.co/huBu3dxwun;godofgambling;False
Sun Jun 09 12:48:50 +0000 2019;BOOOOOOOOOOOOOOOOOOOOOOOOOOOOOOMMMM NO 2ND HALF NEEDED â¤â¤â¤â¤â¤â¤â¤â¤â¤ https://t.co/29Mh8f1zSY;godofgambling;False
Sun Jun 09 12:09:18 +0000 2019;0-1 9 mins played âœ…;godofgambling;False
Sun Jun 09 11:36:40 +0000 2019;@WhiteSun_Spurs Wait 10 mins into game and go inplay if u need higher odds âœ…;godofgambling;False
Sun Jun 09 11:34:27 +0000 2019;Vfl Halle rarely play in under games âœ… https://t.co/22WbAxFtsJ;godofgambling;False
Sun Jun 09 11:31:09 +0000 2019;@DonHutabalian Both teams to score;godofgambling;False
Sun Jun 09 11:30:33 +0000 2019;Pointless waiting 7 hours to post the evening tip. 1.80 will just go down not up.;godofgambling;False
Sun Jun 09 11:29:58 +0000 2019;"Single âœ…

Nations League Final

7.45pm 

Holland vs Portugal 

Btts - yes";godofgambling;True
Sun Jun 09 11:29:25 +0000 2019;"Single âœ”

Germany ğŸ‡©ğŸ‡ª Oberliga NOFV Sud
1pm

SV Blau-Weiss Zorbau vs VfL Halle 96
ğŸ“Over 2.5 Goals";godofgambling;True
Sun Jun 09 11:12:01 +0000 2019;"It's time

75 â¤ for a 1pm surprise";godofgambling;False
Sun Jun 09 10:53:34 +0000 2019;Womens World Cup https://t.co/xwIpHXnCsB;godofgambling;False
Sun Jun 09 10:52:40 +0000 2019;12pm I mean actually;godofgambling;False
Sun Jun 09 10:15:15 +0000 2019;"WARNING 1PM TIP INCOMING â°â°â°â°â°â°â°â°â°â°â°â°â°â°

message me to join in! ğŸ‘‡https://t.co/mw4cZnumRI";godofgambling;False
Sun Jun 09 09:19:58 +0000 2019;Hold me back. I feel a 10+ streak in my bones;godofgambling;False
Sun Jun 09 09:19:45 +0000 2019;Vips. Ready for our 6th Winner in a row?!?!?!?!?!?!?;godofgambling;False
Sun Jun 09 09:08:38 +0000 2019;RT @DIBDABDAN: @godofgambling Yes please;godofgambling;False
Sun Jun 09 09:08:10 +0000 2019;@thejones84 Tempted by England W. But yeah I think yours is more likely;godofgambling;False
Sun Jun 09 09:05:13 +0000 2019;"Last 5 vip tips...

âœ…âœ…âœ…âœ…âœ…

message me to join the team! ğŸ‘‡https://t.co/mw4cZnumRI";godofgambling;False
Sun Jun 09 09:04:12 +0000 2019;Tough one to bet on that 3rd place play-off.;godofgambling;False
Sun Jun 09 08:58:50 +0000 2019;Holland vs Portugal. I mean Holland vs Ronaldo will be btts tonight. That's a nice 1.80 boom. We have a whole day of games before 7.45pm tho;godofgambling;False
Sun Jun 09 08:57:16 +0000 2019;Was tipping while asleep this morning on VIP. Result âœ…âœ…âœ…âœ…âœ… I should sleep tweet more often;godofgambling;False
Sun Jun 09 08:56:28 +0000 2019;"Vips up to 5 Wins in a row now. Trust, Try us for a month we will win you money ğŸ»

message me to join! ğŸ‘‡https://t.co/mw4cZnumRI";godofgambling;False
Sun Jun 09 08:46:51 +0000 2019;3/4 Womens games have been over 2.5 goals. I smell a trend;godofgambling;False
Sun Jun 09 08:46:33 +0000 2019;Good morning! Time to smash Sunday !!!;godofgambling;False
Sat Jun 08 14:12:11 +0000 2019;Goal before 70 it's on. Womens games regularly have little goal flurries in my experience. If its 0-0 at 70 ğŸ˜¥;godofgambling;False
Sat Jun 08 14:10:53 +0000 2019;"BOOOOOOOOOOOOOOOOOOOOOOOOOMMM VIP Strikes again! Secret corner system âœ… 

message me to join in! ğŸ‘‡https://t.co/mw4cZnumRI";godofgambling;False
Sat Jun 08 13:46:00 +0000 2019;RT @Billy_Cockram: How have China not scored ğŸ˜± https://t.co/BdQRDswsf6;godofgambling;False
Sat Jun 08 13:44:57 +0000 2019;German W need to step it up. I still have faith;godofgambling;False
Sat Jun 08 13:44:39 +0000 2019;Yesssss VIPs should be corner boom collection soon defo;godofgambling;False
Sat Jun 08 13:43:49 +0000 2019;@stocky047 BELIEVE;godofgambling;False
Sat Jun 08 13:36:41 +0000 2019;FIRST HALF GOAL PLEASE;godofgambling;False
Sat Jun 08 12:33:38 +0000 2019;@Mark_Hatten Agreed;godofgambling;False
Sat Jun 08 12:29:58 +0000 2019;"Single 2pm âœ…

Womens World Cup 

Germany W vs China W

Over 2.5 goals";godofgambling;True
Sat Jun 08 12:29:21 +0000 2019;RT @JStocks95: @godofgambling Betters unite #WorldCup #WomensWorldCup #WWC https://t.co/Fm6pPY6OYH;godofgambling;False
Sat Jun 08 12:28:39 +0000 2019;China W have a goal in them too;godofgambling;False
Sat Jun 08 12:27:18 +0000 2019;RT @MikeMsprayberry: @godofgambling Booooooom;godofgambling;False
Sat Jun 08 12:26:17 +0000 2019;"It's time

75 â¤ for a 2pm surprise";godofgambling;False
Sat Jun 08 12:26:06 +0000 2019;Id certainly bet on the men's world cup everyday. Be sexist to not gamble on womens world Cup everyday. Our enemiesâ€¦ https://t.co/Y4Art4cSsI;godofgambling;False
